3000 3113	prexCH_beamline_eventcuts.map	-1	-1	-1	-1	-1	-1	-1	-1	-1	-1	-1	-1	1	5.0	1e6	1	0.8	0.4	-1	-1	-1	-1	-1	-1	-1	-1	-1	-1	-1	-1	bcm_an_ds3	5.0	1e6	0.8	0.4	-1	-1	-1	-1	-1	-1	-1	-1	-1	-1	-1	-1	-1	-1	-1	-1	-1	-1	-1	-1	-1	-1	-1	-1	-1	-1	-1	-1	-1	-1	-1	-1	-1	-1	-1	-1	-1	-1	-1	-1	-1	-1	-1	-1	-1	-1	-1	-1	-1	-1	-1	-1	-1	-1	-1	-1	-1	-1	-1	-1	-1	-1	-1	-1	-1	-1	-1	-1	-1	-1	-1	-1	-1	-1	-1	-1	-1	-1	-1	-1	-1	-1	-1	-1	-1	-1	-1	-1	-1	-1	-1	-1	-1	-1	-1	-1	-1	-1	-1	-1	-1	-1	-1	-1	-1	-1	-1	-1	-1	-1	-1	-1	-1	-1	-1	-1	-1	-1	-1	-1	-1	-1	-1	-1	-1	-1	-1	-1	-1	-1	-1	-1	-1	-1	-1	-1	-1	-1	-1	-1	-1	-1	-1	-1	-1	-1	-1	-1	-1	-1	-1	-1	-1	-1	-1	-1	-1	-1	-1	-1	-1	-1	-1	-1	-1	-1	-1	-1		
3114 3114	prexCH_beamline_eventcuts.3114.map	-1	-1	-1	-1	-1	-1	-1	-1	-1	-1	-1	-1	1	3	1e6	1	0.8	-1	-1	-1	-1	-1	-1	-1	-1	-1	-1	-1	-1	-1	bcm_an_ds3	3	1e6	0.8	-1	1	1000	55000	1	-1	1000	1	1000	55000	1	-1	1000	1	1000	55000	1	-1	1000	1	1000	55000	1	-1	1000	-1	-1	-1	-1	-1	-1	-1	-1	-1	-1	-1	-1	-1	-1	-1	-1	-1	-1	1	1000	55000	1	-1	1000	1	1000	55000	1	-1	1000	1	1000	55000	1	-1	1000	1	1000	55000	1	-1	1000	-1	-1	-1	-1	-1	-1	-1	-1	-1	-1	-1	-1	-1	-1	-1	-1	-1	-1	-1	-1	-1	-1	-1	-1	-1	-1	-1	-1	-1	-1	-1	-1	-1	-1	-1	-1	-1	-1	-1	-1	-1	-1	-1	-1	-1	-1	-1	-1	-1	-1	-1	-1	-1	-1	-1	-1	-1	-1	-1	-1	1	1000	55000	1	-1	1000	1	1000	55000	1	-1	1000	1	1000	55000	1	-1	1000	1	1000	55000	1	-1	1000	-1	-1	-1	-1	-1	-1	-1	-1	-1	-1	-1	-1	-1	-1	-1	-1	-1	-1		
3115 3138	prexCH_beamline_eventcuts.map	-1	-1	-1	-1	-1	-1	-1	-1	-1	-1	-1	-1	1	5.0	1e6	1	0.8	0.4	-1	-1	-1	-1	-1	-1	-1	-1	-1	-1	-1	-1	bcm_an_ds3	5.0	1e6	0.8	0.4	-1	-1	-1	-1	-1	-1	-1	-1	-1	-1	-1	-1	-1	-1	-1	-1	-1	-1	-1	-1	-1	-1	-1	-1	-1	-1	-1	-1	-1	-1	-1	-1	-1	-1	-1	-1	-1	-1	-1	-1	-1	-1	-1	-1	-1	-1	-1	-1	-1	-1	-1	-1	-1	-1	-1	-1	-1	-1	-1	-1	-1	-1	-1	-1	-1	-1	-1	-1	-1	-1	-1	-1	-1	-1	-1	-1	-1	-1	-1	-1	-1	-1	-1	-1	-1	-1	-1	-1	-1	-1	-1	-1	-1	-1	-1	-1	-1	-1	-1	-1	-1	-1	-1	-1	-1	-1	-1	-1	-1	-1	-1	-1	-1	-1	-1	-1	-1	-1	-1	-1	-1	-1	-1	-1	-1	-1	-1	-1	-1	-1	-1	-1	-1	-1	-1	-1	-1	-1	-1	-1	-1	-1	-1	-1	-1	-1	-1	-1	-1	-1	-1	-1	-1	-1	-1	-1	-1	-1	-1	-1	-1	-1	-1	-1	-1	-1	-1	-1		
3139 3139	prexCH_beamline_eventcuts.3139.map	-1	-1	-1	-1	-1	-1	-1	-1	-1	-1	-1	-1	1	45	1e6	1	0.8	-1	-1	-1	-1	-1	-1	-1	-1	-1	-1	-1	-1	-1	bcm_an_ds3	45	1e6	0.8	-1	-1	-1	-1	-1	-1	-1	-1	-1	-1	-1	-1	-1	1	10000	50000	0	-1	-1	-1	-1	-1	-1	-1	-1	-1	-1	-1	-1	-1	-1	-1	-1	-1	-1	-1	-1	-1	-1	-1	-1	-1	-1	-1	-1	-1	-1	-1	-1	-1	-1	-1	-1	-1	-1	-1	-1	-1	-1	-1	-1	-1	-1	-1	-1	-1	-1	-1	-1	-1	-1	-1	-1	-1	-1	-1	-1	-1	-1	-1	-1	-1	-1	-1	-1	-1	-1	-1	-1	-1	-1	-1	-1	-1	-1	-1	-1	-1	-1	-1	-1	-1	-1	-1	-1	-1	-1	-1	-1	-1	-1	-1	-1	-1	-1	-1	-1	-1	-1	-1	-1	-1	-1	-1	-1	-1	-1	-1	-1	-1	-1	-1	-1	-1	-1	-1	-1	-1	-1	-1	-1	-1	-1	-1	-1	-1	-1	-1	-1	-1	-1	-1	-1	-1	-1	-1	-1	-1	-1	-1	-1	-1	-1	1	0	1.8e5	1	500	-1		
3140 3140	prexCH_beamline_eventcuts.3140.map	-1	-1	-1	-1	-1	-1	-1	-1	-1	-1	-1	-1	1	12	1e6	1	0.15	-1	-1	-1	-1	-1	-1	-1	-1	-1	-1	-1	-1	-1	bcm_an_ds3	12	1e6	0.15	-1	1	1000	55000	1	-1	1000	1	1000	55000	1	-1	1000	1	10000	50000	0	-1	1000	1	1000	55000	1	-1	1000	-1	-1	-1	-1	-1	-1	-1	-1	-1	-1	-1	-1	-1	-1	-1	-1	-1	-1	1	1000	55000	1	-1	1000	1	1000	55000	1	-1	1000	1	1000	55000	1	-1	1000	1	1000	55000	1	-1	1000	-1	-1	-1	-1	-1	-1	-1	-1	-1	-1	-1	-1	-1	-1	-1	-1	-1	-1	-1	-1	-1	-1	-1	-1	-1	-1	-1	-1	-1	-1	-1	-1	-1	-1	-1	-1	-1	-1	-1	-1	-1	-1	-1	-1	-1	-1	-1	-1	-1	-1	-1	-1	-1	-1	-1	-1	-1	-1	-1	-1	1	1000	55000	1	-1	1000	1	1000	55000	1	-1	1000	1	1000	55000	1	-1	1000	1	1000	55000	1	-1	1000	-1	-1	-1	-1	-1	-1	-1	-1	-1	-1	-1	-1	-1	-1	-1	-1	-1	-1		
3141 3145	prexCH_beamline_eventcuts.map	-1	-1	-1	-1	-1	-1	-1	-1	-1	-1	-1	-1	1	5.0	1e6	1	0.8	0.4	-1	-1	-1	-1	-1	-1	-1	-1	-1	-1	-1	-1	bcm_an_ds3	5.0	1e6	0.8	0.4	-1	-1	-1	-1	-1	-1	-1	-1	-1	-1	-1	-1	-1	-1	-1	-1	-1	-1	-1	-1	-1	-1	-1	-1	-1	-1	-1	-1	-1	-1	-1	-1	-1	-1	-1	-1	-1	-1	-1	-1	-1	-1	-1	-1	-1	-1	-1	-1	-1	-1	-1	-1	-1	-1	-1	-1	-1	-1	-1	-1	-1	-1	-1	-1	-1	-1	-1	-1	-1	-1	-1	-1	-1	-1	-1	-1	-1	-1	-1	-1	-1	-1	-1	-1	-1	-1	-1	-1	-1	-1	-1	-1	-1	-1	-1	-1	-1	-1	-1	-1	-1	-1	-1	-1	-1	-1	-1	-1	-1	-1	-1	-1	-1	-1	-1	-1	-1	-1	-1	-1	-1	-1	-1	-1	-1	-1	-1	-1	-1	-1	-1	-1	-1	-1	-1	-1	-1	-1	-1	-1	-1	-1	-1	-1	-1	-1	-1	-1	-1	-1	-1	-1	-1	-1	-1	-1	-1	-1	-1	-1	-1	-1	-1	-1	-1	-1	-1	-1		
3146 3146	prexCH_beamline_eventcuts.3146.map	-1	-1	-1	-1	-1	-1	-1	-1	-1	-1	-1	-1	1	12	1e6	1	0.1	-1	-1	-1	-1	-1	-1	-1	-1	-1	-1	-1	-1	-1	bcm_an_ds3	12	1e6	0.1	-1	1	1000	55000	1	-1	1000	1	1000	55000	1	-1	1000	1	10000	50000	0	-1	1000	1	1000	55000	1	-1	1000	-1	-1	-1	-1	-1	-1	-1	-1	-1	-1	-1	-1	-1	-1	-1	-1	-1	-1	1	1000	55000	1	-1	1000	1	1000	55000	1	-1	1000	1	1000	55000	1	-1	1000	1	1000	55000	1	-1	1000	-1	-1	-1	-1	-1	-1	-1	-1	-1	-1	-1	-1	-1	-1	-1	-1	-1	-1	-1	-1	-1	-1	-1	-1	-1	-1	-1	-1	-1	-1	-1	-1	-1	-1	-1	-1	-1	-1	-1	-1	-1	-1	-1	-1	-1	-1	-1	-1	-1	-1	-1	-1	-1	-1	-1	-1	-1	-1	-1	-1	1	1000	55000	1	-1	1000	1	1000	55000	1	-1	1000	1	1000	55000	1	-1	1000	1	1000	55000	1	-1	1000	-1	-1	-1	-1	-1	-1	-1	-1	-1	-1	-1	-1	-1	-1	-1	-1	-1	-1		
3147 3402	prexCH_beamline_eventcuts.map	-1	-1	-1	-1	-1	-1	-1	-1	-1	-1	-1	-1	1	5.0	1e6	1	0.8	0.4	-1	-1	-1	-1	-1	-1	-1	-1	-1	-1	-1	-1	bcm_an_ds3	5.0	1e6	0.8	0.4	-1	-1	-1	-1	-1	-1	-1	-1	-1	-1	-1	-1	-1	-1	-1	-1	-1	-1	-1	-1	-1	-1	-1	-1	-1	-1	-1	-1	-1	-1	-1	-1	-1	-1	-1	-1	-1	-1	-1	-1	-1	-1	-1	-1	-1	-1	-1	-1	-1	-1	-1	-1	-1	-1	-1	-1	-1	-1	-1	-1	-1	-1	-1	-1	-1	-1	-1	-1	-1	-1	-1	-1	-1	-1	-1	-1	-1	-1	-1	-1	-1	-1	-1	-1	-1	-1	-1	-1	-1	-1	-1	-1	-1	-1	-1	-1	-1	-1	-1	-1	-1	-1	-1	-1	-1	-1	-1	-1	-1	-1	-1	-1	-1	-1	-1	-1	-1	-1	-1	-1	-1	-1	-1	-1	-1	-1	-1	-1	-1	-1	-1	-1	-1	-1	-1	-1	-1	-1	-1	-1	-1	-1	-1	-1	-1	-1	-1	-1	-1	-1	-1	-1	-1	-1	-1	-1	-1	-1	-1	-1	-1	-1	-1	-1	-1	-1	-1	-1		
3403 3404	prexCH_beamline_eventcuts.3403-3404.map	-1	-1	-1	-1	-1	-1	-1	-1	-1	-1	-1	-1	-1	-1	-1	-1	-1	-1	-1	-1	-1	-1	-1	-1	-1	-1	-1	-1	-1	-1	bcm	-1	-1	-1	-1	1	1000	55000	1	-1	1000	1	1000	55000	1	-1	1000	1	1000	55000	1	-1	1000	1	1000	55000	1	-1	1000	-1	-1	-1	-1	-1	-1	-1	-1	-1	-1	-1	-1	-1	-1	-1	-1	-1	-1	1	1000	55000	1	-1	1000	1	1000	55000	1	-1	1000	1	1000	55000	1	-1	1000	1	1000	55000	1	-1	1000	1	-1	1	1	-1	-1	-1	-1	-1	-1	-1	-1	-1	-1	-1	-1	-1	-1	1	1000	55000	1	-1	1000	1	1000	55000	1	-1	1000	1	1000	55000	1	-1	1000	1	1000	55000	1	-1	1000	-1	-1	-1	-1	-1	-1	-1	-1	-1	-1	-1	-1	-1	-1	-1	-1	-1	-1	1	1000	55000	1	-1	1000	1	1000	55000	1	-1	1000	1	1000	55000	1	-1	1000	1	1000	55000	1	-1	1000	-1	-1	-1	-1	-1	-1	-1	-1	-1	-1	-1	-1	-1	-1	-1	-1	-1	-1		
3405 3419	prexCH_beamline_eventcuts.map	-1	-1	-1	-1	-1	-1	-1	-1	-1	-1	-1	-1	1	5.0	1e6	1	0.8	0.4	-1	-1	-1	-1	-1	-1	-1	-1	-1	-1	-1	-1	bcm_an_ds3	5.0	1e6	0.8	0.4	-1	-1	-1	-1	-1	-1	-1	-1	-1	-1	-1	-1	-1	-1	-1	-1	-1	-1	-1	-1	-1	-1	-1	-1	-1	-1	-1	-1	-1	-1	-1	-1	-1	-1	-1	-1	-1	-1	-1	-1	-1	-1	-1	-1	-1	-1	-1	-1	-1	-1	-1	-1	-1	-1	-1	-1	-1	-1	-1	-1	-1	-1	-1	-1	-1	-1	-1	-1	-1	-1	-1	-1	-1	-1	-1	-1	-1	-1	-1	-1	-1	-1	-1	-1	-1	-1	-1	-1	-1	-1	-1	-1	-1	-1	-1	-1	-1	-1	-1	-1	-1	-1	-1	-1	-1	-1	-1	-1	-1	-1	-1	-1	-1	-1	-1	-1	-1	-1	-1	-1	-1	-1	-1	-1	-1	-1	-1	-1	-1	-1	-1	-1	-1	-1	-1	-1	-1	-1	-1	-1	-1	-1	-1	-1	-1	-1	-1	-1	-1	-1	-1	-1	-1	-1	-1	-1	-1	-1	-1	-1	-1	-1	-1	-1	-1	-1	-1	-1		
3420 3420	prexCH_beamline_eventcuts.3420.map	-1	-1	-1	-1	-1	-1	-1	-1	-1	-1	-1	-1	1	35	1e6	1	0.8	-1	-1	-1	-1	-1	-1	-1	-1	-1	-1	-1	-1	-1	bcm_an_ds3	35	1e6	0.8	-1	1	1000	55000	1	-1	1000	1	1000	55000	1	-1	1000	1	10000	50000	0	-1	1000	1	1000	55000	1	-1	1000	-1	-1	-1	-1	-1	-1	-1	-1	-1	-1	-1	-1	-1	-1	-1	-1	-1	-1	1	1000	55000	1	-1	1000	1	1000	55000	1	-1	1000	1	1000	55000	1	-1	1000	1	1000	55000	1	-1	1000	-1	-1	-1	-1	-1	-1	-1	-1	-1	-1	-1	-1	-1	-1	-1	-1	-1	-1	1	1000	55000	1	-1	1000	1	1000	55000	1	-1	1000	1	1000	55000	1	-1	1000	1	1000	55000	1	-1	1000	-1	-1	-1	-1	-1	-1	-1	-1	-1	-1	-1	-1	-1	-1	-1	-1	-1	-1	1	1000	55000	1	-1	1000	1	1000	55000	1	-1	1000	1	1000	55000	1	-1	1000	1	1000	55000	1	-1	1000	-1	-1	-1	-1	-1	-1	-1	-1	-1	-1	-1	-1	-1	-1	-1	-1	-1	-1		
3421 3423	prexCH_beamline_eventcuts.map	-1	-1	-1	-1	-1	-1	-1	-1	-1	-1	-1	-1	1	5.0	1e6	1	0.8	0.4	-1	-1	-1	-1	-1	-1	-1	-1	-1	-1	-1	-1	bcm_an_ds3	5.0	1e6	0.8	0.4	-1	-1	-1	-1	-1	-1	-1	-1	-1	-1	-1	-1	-1	-1	-1	-1	-1	-1	-1	-1	-1	-1	-1	-1	-1	-1	-1	-1	-1	-1	-1	-1	-1	-1	-1	-1	-1	-1	-1	-1	-1	-1	-1	-1	-1	-1	-1	-1	-1	-1	-1	-1	-1	-1	-1	-1	-1	-1	-1	-1	-1	-1	-1	-1	-1	-1	-1	-1	-1	-1	-1	-1	-1	-1	-1	-1	-1	-1	-1	-1	-1	-1	-1	-1	-1	-1	-1	-1	-1	-1	-1	-1	-1	-1	-1	-1	-1	-1	-1	-1	-1	-1	-1	-1	-1	-1	-1	-1	-1	-1	-1	-1	-1	-1	-1	-1	-1	-1	-1	-1	-1	-1	-1	-1	-1	-1	-1	-1	-1	-1	-1	-1	-1	-1	-1	-1	-1	-1	-1	-1	-1	-1	-1	-1	-1	-1	-1	-1	-1	-1	-1	-1	-1	-1	-1	-1	-1	-1	-1	-1	-1	-1	-1	-1	-1	-1	-1	-1		
3424 3424	prexCH_beamline_eventcuts.3424.map	-1	-1	-1	-1	-1	-1	-1	-1	-1	-1	-1	-1	1	55	1e6	1	0.8	-1	-1	-1	-1	-1	-1	-1	-1	-1	-1	-1	-1	-1	bcm_an_ds3	55	1e6	0.8	-1	1	1000	55000	1	-1	1000	1	1000	55000	1	-1	1000	1	10000	50000	0	-1	1000	1	1000	55000	1	-1	1000	-1	-1	-1	-1	-1	-1	-1	-1	-1	-1	-1	-1	-1	-1	-1	-1	-1	-1	1	1000	55000	1	-1	1000	1	1000	55000	1	-1	1000	1	1000	55000	1	-1	1000	1	1000	55000	1	-1	1000	-1	-1	-1	-1	-1	-1	-1	-1	-1	-1	-1	-1	-1	-1	-1	-1	-1	-1	1	1000	55000	1	-1	1000	1	1000	55000	1	-1	1000	1	1000	55000	1	-1	1000	1	1000	55000	1	-1	1000	-1	-1	-1	-1	-1	-1	-1	-1	-1	-1	-1	-1	-1	-1	-1	-1	-1	-1	1	1000	55000	1	-1	1000	1	1000	55000	1	-1	1000	1	1000	55000	1	-1	1000	1	1000	55000	1	-1	1000	-1	-1	-1	-1	-1	-1	-1	-1	-1	-1	-1	-1	-1	-1	-1	-1	-1	-1		
3425 3428	prexCH_beamline_eventcuts.map	-1	-1	-1	-1	-1	-1	-1	-1	-1	-1	-1	-1	1	5.0	1e6	1	0.8	0.4	-1	-1	-1	-1	-1	-1	-1	-1	-1	-1	-1	-1	bcm_an_ds3	5.0	1e6	0.8	0.4	-1	-1	-1	-1	-1	-1	-1	-1	-1	-1	-1	-1	-1	-1	-1	-1	-1	-1	-1	-1	-1	-1	-1	-1	-1	-1	-1	-1	-1	-1	-1	-1	-1	-1	-1	-1	-1	-1	-1	-1	-1	-1	-1	-1	-1	-1	-1	-1	-1	-1	-1	-1	-1	-1	-1	-1	-1	-1	-1	-1	-1	-1	-1	-1	-1	-1	-1	-1	-1	-1	-1	-1	-1	-1	-1	-1	-1	-1	-1	-1	-1	-1	-1	-1	-1	-1	-1	-1	-1	-1	-1	-1	-1	-1	-1	-1	-1	-1	-1	-1	-1	-1	-1	-1	-1	-1	-1	-1	-1	-1	-1	-1	-1	-1	-1	-1	-1	-1	-1	-1	-1	-1	-1	-1	-1	-1	-1	-1	-1	-1	-1	-1	-1	-1	-1	-1	-1	-1	-1	-1	-1	-1	-1	-1	-1	-1	-1	-1	-1	-1	-1	-1	-1	-1	-1	-1	-1	-1	-1	-1	-1	-1	-1	-1	-1	-1	-1	-1		
3429 3429	prexCH_beamline_eventcuts.3429.map	-1	-1	-1	-1	-1	-1	-1	-1	-1	-1	-1	-1	1	55	1e6	1	0.8	-1	-1	-1	-1	-1	-1	-1	-1	-1	-1	-1	-1	-1	bcm_an_ds3	55	1e6	0.8	-1	1	1000	55000	1	-1	1000	1	1000	55000	1	-1	1000	1	10000	50000	0	-1	1000	1	1000	55000	1	-1	1000	-1	-1	-1	-1	-1	-1	-1	-1	-1	-1	-1	-1	-1	-1	-1	-1	-1	-1	1	1000	55000	1	-1	1000	1	1000	55000	1	-1	1000	1	1000	55000	1	-1	1000	1	1000	55000	1	-1	1000	-1	-1	-1	-1	-1	-1	-1	-1	-1	-1	-1	-1	-1	-1	-1	-1	-1	-1	1	1000	55000	1	-1	1000	1	1000	55000	1	-1	1000	1	1000	55000	1	-1	1000	1	1000	55000	1	-1	1000	-1	-1	-1	-1	-1	-1	-1	-1	-1	-1	-1	-1	-1	-1	-1	-1	-1	-1	1	1000	55000	1	-1	1000	1	1000	55000	1	-1	1000	1	1000	55000	1	-1	1000	1	1000	55000	1	-1	1000	-1	-1	-1	-1	-1	-1	-1	-1	-1	-1	-1	-1	-1	-1	-1	-1	-1	-1		
3430 3430	prexCH_beamline_eventcuts.3430.map	-1	-1	-1	-1	-1	-1	-1	-1	-1	-1	-1	-1	1	55	1e6	1	0.8	-1	-1	-1	-1	-1	-1	-1	-1	-1	-1	-1	-1	-1	bcm_an_ds3	55	1e6	0.8	-1	1	1000	55000	1	-1	1000	1	1000	55000	1	-1	1000	1	10000	50000	0	-1	1000	1	1000	55000	1	-1	1000	-1	-1	-1	-1	-1	-1	-1	-1	-1	-1	-1	-1	-1	-1	-1	-1	-1	-1	1	1000	55000	1	-1	1000	1	1000	55000	1	-1	1000	1	1000	55000	1	-1	1000	1	1000	55000	1	-1	1000	-1	-1	-1	-1	-1	-1	-1	-1	-1	-1	-1	-1	-1	-1	-1	-1	-1	-1	1	1000	55000	1	-1	1000	1	1000	55000	1	-1	1000	1	1000	55000	1	-1	1000	1	1000	55000	1	-1	1000	-1	-1	-1	-1	-1	-1	-1	-1	-1	-1	-1	-1	-1	-1	-1	-1	-1	-1	1	1000	55000	1	-1	1000	1	1000	55000	1	-1	1000	1	1000	55000	1	-1	1000	1	1000	55000	1	-1	1000	-1	-1	-1	-1	-1	-1	-1	-1	-1	-1	-1	-1	-1	-1	-1	-1	-1	-1		
3431 3449	prexCH_beamline_eventcuts.map	-1	-1	-1	-1	-1	-1	-1	-1	-1	-1	-1	-1	1	5.0	1e6	1	0.8	0.4	-1	-1	-1	-1	-1	-1	-1	-1	-1	-1	-1	-1	bcm_an_ds3	5.0	1e6	0.8	0.4	-1	-1	-1	-1	-1	-1	-1	-1	-1	-1	-1	-1	-1	-1	-1	-1	-1	-1	-1	-1	-1	-1	-1	-1	-1	-1	-1	-1	-1	-1	-1	-1	-1	-1	-1	-1	-1	-1	-1	-1	-1	-1	-1	-1	-1	-1	-1	-1	-1	-1	-1	-1	-1	-1	-1	-1	-1	-1	-1	-1	-1	-1	-1	-1	-1	-1	-1	-1	-1	-1	-1	-1	-1	-1	-1	-1	-1	-1	-1	-1	-1	-1	-1	-1	-1	-1	-1	-1	-1	-1	-1	-1	-1	-1	-1	-1	-1	-1	-1	-1	-1	-1	-1	-1	-1	-1	-1	-1	-1	-1	-1	-1	-1	-1	-1	-1	-1	-1	-1	-1	-1	-1	-1	-1	-1	-1	-1	-1	-1	-1	-1	-1	-1	-1	-1	-1	-1	-1	-1	-1	-1	-1	-1	-1	-1	-1	-1	-1	-1	-1	-1	-1	-1	-1	-1	-1	-1	-1	-1	-1	-1	-1	-1	-1	-1	-1	-1	-1		
3450 3452	prexCH_beamline_eventcuts.3450-3452.map	-1	-1	-1	-1	-1	-1	-1	-1	-1	-1	-1	-1	1	35	1e6	1	0.8	-1	-1	-1	-1	-1	-1	-1	-1	-1	-1	-1	-1	-1	bcm_an_ds3	35	1e6	0.8	-1	-1	-1	-1	-1	-1	-1	-1	-1	-1	-1	-1	-1	1	10000	50000	0	-1	-1	-1	-1	-1	-1	-1	-1	1	-10	10	1	0.02	-1	1	-10	10	1	0.03	-1	1	0	1.8e5	1	-1	-1	-1	-1	-1	-1	-1	-1	-1	-1	-1	-1	-1	-1	-1	-1	-1	-1	-1	-1	-1	-1	-1	-1	-1	-1	1	-10	10	1	0.16	-1	1	-10	10	1	0.02	-1	1	0	1.8e5	1	-1	-1	-1	-1	-1	-1	-1	-1	-1	-1	-1	-1	-1	-1	-1	-1	-1	-1	-1	-1	-1	-1	-1	-1	-1	-1	-1	-1	-1	-1	-1	-1	-1	-1	-1	-1	-1	-1	-1	-1	-1	-1	-1	-1	-1	-1	-1	-1	-1	-1	-1	-1	-1	-1	-1	-1	-1	-1	-1	-1	-1	-1	-1	-1	-1	-1	-1	-1	1	-10	10	1	0.05	-1	-1	-1	-1	-1	-1	-1	1	0	1.8e5	1	-1	-1		
3453 3454	prexCH_beamline_eventcuts.3453-.map	-1	-1	-1	-1	-1	-1	1	35	1e6	1	0.8	-1	-1	-1	-1	-1	-1	-1	-1	-1	-1	-1	-1	-1	-1	-1	-1	-1	-1	-1	bcm_an_ds	35	1e6	0.8	-1	1	1000	55000	1	-1	1000	1	1000	55000	1	-1	1000	1	10000	50000	0	-1	1000	1	1000	55000	1	-1	1000	-1	-1	-1	-1	-1	-1	-1	-1	-1	-1	-1	-1	-1	-1	-1	-1	-1	-1	1	1000	55000	1	-1	1000	1	1000	55000	1	-1	1000	1	1000	55000	1	-1	1000	1	1000	55000	1	-1	1000	-1	-1	-1	-1	-1	-1	-1	-1	-1	-1	-1	-1	-1	-1	-1	-1	-1	-1	1	1000	55000	1	-1	1000	1	1000	55000	1	-1	1000	1	1000	55000	1	-1	1000	1	1000	55000	1	-1	1000	-1	-1	-1	-1	-1	-1	-1	-1	-1	-1	-1	-1	-1	-1	-1	-1	-1	-1	1	1000	55000	1	-1	1000	1	1000	55000	1	-1	1000	1	1000	55000	1	-1	1000	1	1000	55000	1	-1	1000	-1	-1	-1	-1	-1	-1	-1	-1	-1	-1	-1	-1	-1	-1	-1	-1	-1	-1		
3455 3455	prexCH_beamline_eventcuts.3455.map	-1	-1	-1	-1	-1	-1	-1	-1	-1	-1	-1	-1	1	35	1e6	1	0.8	-1	-1	-1	-1	-1	-1	-1	-1	-1	-1	-1	-1	-1	bcm_an_ds3	35	1e6	0.8	-1	-1	-1	-1	-1	-1	-1	-1	-1	-1	-1	-1	-1	1	10000	50000	0	-1	-1	-1	-1	-1	-1	-1	-1	1	-10	10	1	0.02	-1	1	-10	10	1	0.03	-1	1	0	1.8e5	1	-1	-1	-1	-1	-1	-1	-1	-1	-1	-1	-1	-1	-1	-1	-1	-1	-1	-1	-1	-1	-1	-1	-1	-1	-1	-1	1	-10	10	1	0.16	-1	1	-10	10	1	0.02	-1	1	0	1.8e5	1	-1	-1	-1	-1	-1	-1	-1	-1	-1	-1	-1	-1	-1	-1	-1	-1	-1	-1	-1	-1	-1	-1	-1	-1	-1	-1	-1	-1	-1	-1	-1	-1	-1	-1	-1	-1	-1	-1	-1	-1	-1	-1	-1	-1	-1	-1	-1	-1	-1	-1	-1	-1	-1	-1	-1	-1	-1	-1	-1	-1	-1	-1	-1	-1	-1	-1	-1	-1	1	-10	10	1	0.05	-1	-1	-1	-1	-1	-1	-1	1	0	1.8e5	1	-1	-1		
3456 3488	prexCH_beamline_eventcuts.3453-.map	-1	-1	-1	-1	-1	-1	1	35	1e6	1	0.8	-1	-1	-1	-1	-1	-1	-1	-1	-1	-1	-1	-1	-1	-1	-1	-1	-1	-1	-1	bcm_an_ds	35	1e6	0.8	-1	1	1000	55000	1	-1	1000	1	1000	55000	1	-1	1000	1	10000	50000	0	-1	1000	1	1000	55000	1	-1	1000	-1	-1	-1	-1	-1	-1	-1	-1	-1	-1	-1	-1	-1	-1	-1	-1	-1	-1	1	1000	55000	1	-1	1000	1	1000	55000	1	-1	1000	1	1000	55000	1	-1	1000	1	1000	55000	1	-1	1000	-1	-1	-1	-1	-1	-1	-1	-1	-1	-1	-1	-1	-1	-1	-1	-1	-1	-1	1	1000	55000	1	-1	1000	1	1000	55000	1	-1	1000	1	1000	55000	1	-1	1000	1	1000	55000	1	-1	1000	-1	-1	-1	-1	-1	-1	-1	-1	-1	-1	-1	-1	-1	-1	-1	-1	-1	-1	1	1000	55000	1	-1	1000	1	1000	55000	1	-1	1000	1	1000	55000	1	-1	1000	1	1000	55000	1	-1	1000	-1	-1	-1	-1	-1	-1	-1	-1	-1	-1	-1	-1	-1	-1	-1	-1	-1	-1		
3489 3489	prexCH_beamline_eventcuts.3489.map	-1	-1	-1	-1	-1	-1	-1	-1	-1	-1	-1	-1	1	35	1e6	1	0.8	-1	-1	-1	-1	-1	-1	-1	-1	-1	-1	-1	-1	-1	bcm_an_ds3	35	1e6	0.8	-1	-1	-1	-1	-1	-1	-1	-1	-1	-1	-1	-1	-1	1	10000	50000	0	-1	-1	-1	-1	-1	-1	-1	-1	-1	-1	-1	-1	-1	-1	-1	-1	-1	-1	-1	-1	1	0	1.8e5	1	1500	-1	-1	-1	-1	-1	-1	-1	-1	-1	-1	-1	-1	-1	-1	-1	-1	-1	-1	-1	-1	-1	-1	-1	-1	-1	-1	-1	-1	-1	-1	-1	-1	-1	-1	-1	-1	-1	1	0	1.8e5	1	1500	-1	-1	-1	-1	-1	-1	-1	-1	-1	-1	-1	-1	-1	-1	-1	-1	-1	-1	-1	-1	-1	-1	-1	-1	-1	-1	-1	-1	-1	-1	-1	-1	-1	-1	-1	-1	-1	-1	-1	-1	-1	-1	-1	-1	-1	-1	-1	-1	-1	-1	-1	-1	-1	-1	-1	-1	-1	-1	-1	-1	-1	-1	-1	-1	-1	-1	-1	-1	-1	-1	-1	-1	-1	-1	-1	-1	-1	-1	-1	1	0	1.8e5	1	1500	-1		
3490 3523	prexCH_beamline_eventcuts.3453-.map	-1	-1	-1	-1	-1	-1	1	35	1e6	1	0.8	-1	-1	-1	-1	-1	-1	-1	-1	-1	-1	-1	-1	-1	-1	-1	-1	-1	-1	-1	bcm_an_ds	35	1e6	0.8	-1	1	1000	55000	1	-1	1000	1	1000	55000	1	-1	1000	1	10000	50000	0	-1	1000	1	1000	55000	1	-1	1000	-1	-1	-1	-1	-1	-1	-1	-1	-1	-1	-1	-1	-1	-1	-1	-1	-1	-1	1	1000	55000	1	-1	1000	1	1000	55000	1	-1	1000	1	1000	55000	1	-1	1000	1	1000	55000	1	-1	1000	-1	-1	-1	-1	-1	-1	-1	-1	-1	-1	-1	-1	-1	-1	-1	-1	-1	-1	1	1000	55000	1	-1	1000	1	1000	55000	1	-1	1000	1	1000	55000	1	-1	1000	1	1000	55000	1	-1	1000	-1	-1	-1	-1	-1	-1	-1	-1	-1	-1	-1	-1	-1	-1	-1	-1	-1	-1	1	1000	55000	1	-1	1000	1	1000	55000	1	-1	1000	1	1000	55000	1	-1	1000	1	1000	55000	1	-1	1000	-1	-1	-1	-1	-1	-1	-1	-1	-1	-1	-1	-1	-1	-1	-1	-1	-1	-1		
3524 3524	prexCH_beamline_eventcuts.3524.map	-1	-1	-1	-1	-1	-1	-1	-1	-1	-1	-1	-1	1	35	1e6	1	0.8	-1	-1	-1	-1	-1	-1	-1	-1	-1	-1	-1	-1	-1	bcm_an_ds3	35	1e6	0.8	-1	-1	-1	-1	-1	-1	-1	-1	-1	-1	-1	-1	-1	1	10000	50000	0	-1	-1	-1	-1	-1	-1	-1	-1	1	-10	10	1	0.02	-1	1	-10	10	1	0.03	-1	1	0	1.8e5	1	-1	-1	-1	-1	-1	-1	-1	-1	-1	-1	-1	-1	-1	-1	-1	-1	-1	-1	-1	-1	-1	-1	-1	-1	-1	-1	1	-10	10	1	0.16	-1	1	-10	10	1	0.02	-1	1	0	1.8e5	1	-1	-1	-1	-1	-1	-1	-1	-1	-1	-1	-1	-1	-1	-1	-1	-1	-1	-1	-1	-1	-1	-1	-1	-1	-1	-1	-1	-1	-1	-1	-1	-1	-1	-1	-1	-1	-1	-1	-1	-1	-1	-1	-1	-1	-1	-1	-1	-1	-1	-1	-1	-1	-1	-1	-1	-1	-1	-1	-1	-1	-1	-1	-1	-1	-1	-1	-1	-1	1	-10	10	1	0.05	-1	-1	-1	-1	-1	-1	-1	1	0	1.8e5	1	-1	-1		
3525 3539	prexCH_beamline_eventcuts.3453-.map	-1	-1	-1	-1	-1	-1	1	35	1e6	1	0.8	-1	-1	-1	-1	-1	-1	-1	-1	-1	-1	-1	-1	-1	-1	-1	-1	-1	-1	-1	bcm_an_ds	35	1e6	0.8	-1	1	1000	55000	1	-1	1000	1	1000	55000	1	-1	1000	1	10000	50000	0	-1	1000	1	1000	55000	1	-1	1000	-1	-1	-1	-1	-1	-1	-1	-1	-1	-1	-1	-1	-1	-1	-1	-1	-1	-1	1	1000	55000	1	-1	1000	1	1000	55000	1	-1	1000	1	1000	55000	1	-1	1000	1	1000	55000	1	-1	1000	-1	-1	-1	-1	-1	-1	-1	-1	-1	-1	-1	-1	-1	-1	-1	-1	-1	-1	1	1000	55000	1	-1	1000	1	1000	55000	1	-1	1000	1	1000	55000	1	-1	1000	1	1000	55000	1	-1	1000	-1	-1	-1	-1	-1	-1	-1	-1	-1	-1	-1	-1	-1	-1	-1	-1	-1	-1	1	1000	55000	1	-1	1000	1	1000	55000	1	-1	1000	1	1000	55000	1	-1	1000	1	1000	55000	1	-1	1000	-1	-1	-1	-1	-1	-1	-1	-1	-1	-1	-1	-1	-1	-1	-1	-1	-1	-1		
3540 3540	prexCH_beamline_eventcuts.3540.map	-1	-1	-1	-1	-1	-1	-1	-1	-1	-1	-1	-1	1	35	1e6	1	0.8	-1	-1	-1	-1	-1	-1	-1	-1	-1	-1	-1	-1	-1	bcm_an_ds3	35	1e6	0.8	-1	-1	-1	-1	-1	-1	-1	-1	-1	-1	-1	-1	-1	1	10000	50000	0	-1	-1	-1	-1	-1	-1	-1	-1	1	-10	10	1	0.02	-1	1	-10	10	1	0.03	-1	1	0	1.8e5	1	-1	-1	-1	-1	-1	-1	-1	-1	-1	-1	-1	-1	-1	-1	-1	-1	-1	-1	-1	-1	-1	-1	-1	-1	-1	-1	1	-10	10	1	0.16	-1	1	-10	10	1	0.02	-1	1	0	1.8e5	1	-1	-1	-1	-1	-1	-1	-1	-1	-1	-1	-1	-1	-1	-1	-1	-1	-1	-1	-1	-1	-1	-1	-1	-1	-1	-1	-1	-1	-1	-1	-1	-1	-1	-1	-1	-1	-1	-1	-1	-1	-1	-1	-1	-1	-1	-1	-1	-1	-1	-1	-1	-1	-1	-1	-1	-1	-1	-1	-1	-1	-1	-1	-1	-1	-1	-1	-1	-1	1	-10	10	1	0.05	-1	-1	-1	-1	-1	-1	-1	1	0	1.8e5	1	-1	-1		
3541 3547	prexCH_beamline_eventcuts.3453-.map	-1	-1	-1	-1	-1	-1	1	35	1e6	1	0.8	-1	-1	-1	-1	-1	-1	-1	-1	-1	-1	-1	-1	-1	-1	-1	-1	-1	-1	-1	bcm_an_ds	35	1e6	0.8	-1	1	1000	55000	1	-1	1000	1	1000	55000	1	-1	1000	1	10000	50000	0	-1	1000	1	1000	55000	1	-1	1000	-1	-1	-1	-1	-1	-1	-1	-1	-1	-1	-1	-1	-1	-1	-1	-1	-1	-1	1	1000	55000	1	-1	1000	1	1000	55000	1	-1	1000	1	1000	55000	1	-1	1000	1	1000	55000	1	-1	1000	-1	-1	-1	-1	-1	-1	-1	-1	-1	-1	-1	-1	-1	-1	-1	-1	-1	-1	1	1000	55000	1	-1	1000	1	1000	55000	1	-1	1000	1	1000	55000	1	-1	1000	1	1000	55000	1	-1	1000	-1	-1	-1	-1	-1	-1	-1	-1	-1	-1	-1	-1	-1	-1	-1	-1	-1	-1	1	1000	55000	1	-1	1000	1	1000	55000	1	-1	1000	1	1000	55000	1	-1	1000	1	1000	55000	1	-1	1000	-1	-1	-1	-1	-1	-1	-1	-1	-1	-1	-1	-1	-1	-1	-1	-1	-1	-1		
3548 3548	prexCH_beamline_eventcuts.3548.map	-1	-1	-1	-1	-1	-1	1	35	1e6	1	0.8	-1	-1	-1	-1	-1	-1	-1	-1	-1	-1	-1	-1	-1	-1	-1	-1	-1	-1	-1	bcm_an_ds	35	1e6	0.8	-1	1	1000	55000	1	-1	1000	1	1000	55000	1	-1	1000	1	10000	50000	0	-1	1000	1	1000	55000	1	-1	1000	-1	-1	-1	-1	-1	-1	-1	-1	-1	-1	-1	-1	-1	-1	-1	-1	-1	-1	1	1000	55000	1	-1	1000	1	1000	55000	1	-1	1000	1	1000	55000	1	-1	1000	1	1000	55000	1	-1	1000	-1	-1	-1	-1	-1	-1	1	-1	1.25	1	-1	-1	-1	-1	-1	-1	-1	-1	1	1000	55000	1	-1	1000	1	1000	55000	1	-1	1000	1	1000	55000	1	-1	1000	1	1000	55000	1	-1	1000	-1	-1	-1	-1	-1	-1	-1	-1	-1	-1	-1	-1	-1	-1	-1	-1	-1	-1	1	1000	55000	1	-1	1000	1	1000	55000	1	-1	1000	1	1000	55000	1	-1	1000	1	1000	55000	1	-1	1000	-1	-1	-1	-1	-1	-1	-1	-1	-1	-1	-1	-1	-1	-1	-1	-1	-1	-1		
3549 3565	prexCH_beamline_eventcuts.3453-.map	-1	-1	-1	-1	-1	-1	1	35	1e6	1	0.8	-1	-1	-1	-1	-1	-1	-1	-1	-1	-1	-1	-1	-1	-1	-1	-1	-1	-1	-1	bcm_an_ds	35	1e6	0.8	-1	1	1000	55000	1	-1	1000	1	1000	55000	1	-1	1000	1	10000	50000	0	-1	1000	1	1000	55000	1	-1	1000	-1	-1	-1	-1	-1	-1	-1	-1	-1	-1	-1	-1	-1	-1	-1	-1	-1	-1	1	1000	55000	1	-1	1000	1	1000	55000	1	-1	1000	1	1000	55000	1	-1	1000	1	1000	55000	1	-1	1000	-1	-1	-1	-1	-1	-1	-1	-1	-1	-1	-1	-1	-1	-1	-1	-1	-1	-1	1	1000	55000	1	-1	1000	1	1000	55000	1	-1	1000	1	1000	55000	1	-1	1000	1	1000	55000	1	-1	1000	-1	-1	-1	-1	-1	-1	-1	-1	-1	-1	-1	-1	-1	-1	-1	-1	-1	-1	1	1000	55000	1	-1	1000	1	1000	55000	1	-1	1000	1	1000	55000	1	-1	1000	1	1000	55000	1	-1	1000	-1	-1	-1	-1	-1	-1	-1	-1	-1	-1	-1	-1	-1	-1	-1	-1	-1	-1		
3566 3582	prexCH_beamline_eventcuts.3566-.map	-1	-1	-1	-1	-1	-1	1	35	1e6	1	0.8	-1	-1	-1	-1	-1	-1	-1	-1	-1	-1	-1	-1	-1	-1	-1	-1	-1	-1	-1	bcm_an_ds	35	1e6	0.8	-1	1	1000	55000	1	-1	1000	1	1000	55000	1	-1	1000	1	10000	50000	0	-1	1000	1	1000	55000	1	-1	1000	-1	-1	-1	-1	-1	-1	-1	-1	-1	-1	-1	-1	-1	-1	-1	-1	-1	-1	1	1000	55000	1	-1	1000	1	1000	55000	1	-1	1000	1	1000	55000	1	-1	1000	1	1000	55000	1	-1	1000	-1	-1	-1	-1	-1	-1	-1	-1	-1	-1	-1	-1	-1	-1	-1	-1	-1	-1	1	1000	55000	1	-1	1000	1	1000	55000	1	-1	1000	1	1000	55000	1	-1	1000	1	1000	55000	1	-1	1000	-1	-1	-1	-1	-1	-1	-1	-1	-1	-1	-1	-1	-1	-1	-1	-1	-1	-1	1	1000	55000	1	-1	1000	1	1000	55000	1	-1	1000	1	1000	55000	1	-1	1000	1	1000	55000	1	-1	1000	-1	-1	-1	-1	-1	-1	-1	-1	-1	-1	-1	-1	-1	-1	-1	-1	-1	-1		
3583 3594	prexCH_beamline_eventcuts.3583-.map	-1	-1	-1	-1	-1	-1	-1	-1	-1	-1	-1	-1	-1	-1	-1	-1	-1	-1	-1	-1	-1	-1	-1	-1	1	35	1e6	1	1.4	-1	bcm_dg_ds	35	1e6	1.4	-1	1	1000	55000	1	-1	1000	1	1000	55000	1	-1	1000	1	10000	50000	0	-1	1000	1	1000	55000	1	-1	1000	-1	-1	-1	-1	-1	-1	-1	-1	-1	-1	-1	-1	-1	-1	-1	-1	-1	-1	1	1000	55000	1	-1	1000	1	1000	55000	1	-1	1000	1	1000	55000	1	-1	1000	1	1000	55000	1	-1	1000	-1	-1	-1	-1	-1	-1	-1	-1	-1	-1	-1	-1	-1	-1	-1	-1	-1	-1	1	1000	55000	1	-1	1000	1	1000	55000	1	-1	1000	1	1000	55000	1	-1	1000	1	1000	55000	1	-1	1000	-1	-1	-1	-1	-1	-1	-1	-1	-1	-1	-1	-1	-1	-1	-1	-1	-1	-1	1	1000	55000	1	-1	1000	1	1000	55000	1	-1	1000	1	1000	55000	1	-1	1000	1	1000	55000	1	-1	1000	-1	-1	-1	-1	-1	-1	-1	-1	-1	-1	-1	-1	-1	-1	-1	-1	-1	-1		
3595 3621	prexCH_beamline_eventcuts.3595-.map	-1	-1	-1	-1	-1	-1	-1	-1	-1	-1	-1	-1	-1	-1	-1	-1	-1	-1	-1	-1	-1	-1	-1	-1	1	35	1e6	1	1.4	-1	bcm_dg_ds	35	1e6	1.4	-1	1	1000	55000	1	-1	1000	1	1000	55000	1	-1	1000	1	10000	50000	0	-1	1000	1	1000	55000	1	-1	1000	-1	-1	-1	-1	-1	-1	-1	-1	-1	-1	-1	-1	-1	-1	-1	-1	-1	-1	1	1000	55000	1	-1	1000	1	1000	55000	1	-1	1000	1	1000	55000	1	-1	1000	1	1000	55000	1	-1	1000	-1	-1	-1	-1	-1	-1	-1	-1	-1	-1	-1	-1	-1	-1	-1	-1	-1	-1	1	1000	55000	1	-1	1000	1	1000	55000	1	-1	1000	1	1000	55000	1	-1	1000	1	1000	55000	1	-1	1000	-1	-1	-1	-1	-1	-1	-1	-1	-1	-1	-1	-1	-1	-1	-1	-1	-1	-1	1	1000	55000	1	-1	1000	1	1000	55000	1	-1	1000	1	1000	55000	1	-1	1000	1	1000	55000	1	-1	1000	-1	-1	-1	-1	-1	-1	-1	-1	-1	-1	-1	-1	-1	-1	-1	-1	-1	-1		
3622 3852	prexCH_beamline_eventcuts.3622-.map	-1	-1	-1	-1	-1	-1	-1	-1	-1	-1	-1	-1	-1	-1	-1	-1	-1	-1	-1	-1	-1	-1	-1	-1	1	35	1e6	1	1.4	-1	bcm_dg_ds	35	1e6	1.4	-1	1	1000	55000	1	-1	1000	1	1000	55000	1	-1	1000	1	1000	55000	1	-1	1000	1	1000	55000	1	-1	1000	-1	-1	-1	-1	-1	-1	-1	-1	-1	-1	-1	-1	-1	-1	-1	-1	-1	-1	1	1000	55000	1	-1	1000	1	1000	55000	1	-1	1000	1	1000	55000	1	-1	1000	1	1000	55000	1	-1	1000	-1	-1	-1	-1	-1	-1	-1	-1	-1	-1	-1	-1	-1	-1	-1	-1	-1	-1	1	1000	55000	1	-1	1000	1	1000	55000	1	-1	1000	1	1000	55000	1	-1	1000	1	1000	55000	1	-1	1000	-1	-1	-1	-1	-1	-1	-1	-1	-1	-1	-1	-1	-1	-1	-1	-1	-1	-1	1	1000	55000	1	-1	1000	1	1000	55000	1	-1	1000	1	1000	55000	1	-1	1000	1	1000	55000	1	-1	1000	-1	-1	-1	-1	-1	-1	-1	-1	-1	-1	-1	-1	-1	-1	-1	-1	-1	-1		
3853 3853	prexCH_beamline_eventcuts.3853.map	-1	-1	-1	-1	-1	-1	-1	-1	-1	-1	-1	-1	-1	-1	-1	-1	-1	-1	-1	-1	-1	-1	-1	-1	1	35	1e6	1	1.4	-1	bcm_dg_ds	35	1e6	1.4	-1	1	1000	55000	1	-1	1000	1	1000	55000	1	-1	1000	1	1000	55000	1	-1	1000	1	1000	55000	1	-1	1000	-1	-1	-1	-1	-1	-1	1	1.5	2.5	1	-1	-1	-1	-1	-1	-1	-1	-1	1	1000	55000	1	-1	1000	1	1000	55000	1	-1	1000	1	1000	55000	1	-1	1000	1	1000	55000	1	-1	1000	-1	-1	-1	-1	-1	-1	-1	-1	-1	-1	-1	-1	-1	-1	-1	-1	-1	-1	1	1000	55000	1	-1	1000	1	1000	55000	1	-1	1000	1	1000	55000	1	-1	1000	1	1000	55000	1	-1	1000	-1	-1	-1	-1	-1	-1	-1	-1	-1	-1	-1	-1	-1	-1	-1	-1	-1	-1	1	1000	55000	1	-1	1000	1	1000	55000	1	-1	1000	1	1000	55000	1	-1	1000	1	1000	55000	1	-1	1000	-1	-1	-1	-1	-1	-1	-1	-1	-1	-1	-1	-1	-1	-1	-1	-1	-1	-1		
3854 3911	prexCH_beamline_eventcuts.3622-.map	-1	-1	-1	-1	-1	-1	-1	-1	-1	-1	-1	-1	-1	-1	-1	-1	-1	-1	-1	-1	-1	-1	-1	-1	1	35	1e6	1	1.4	-1	bcm_dg_ds	35	1e6	1.4	-1	1	1000	55000	1	-1	1000	1	1000	55000	1	-1	1000	1	1000	55000	1	-1	1000	1	1000	55000	1	-1	1000	-1	-1	-1	-1	-1	-1	-1	-1	-1	-1	-1	-1	-1	-1	-1	-1	-1	-1	1	1000	55000	1	-1	1000	1	1000	55000	1	-1	1000	1	1000	55000	1	-1	1000	1	1000	55000	1	-1	1000	-1	-1	-1	-1	-1	-1	-1	-1	-1	-1	-1	-1	-1	-1	-1	-1	-1	-1	1	1000	55000	1	-1	1000	1	1000	55000	1	-1	1000	1	1000	55000	1	-1	1000	1	1000	55000	1	-1	1000	-1	-1	-1	-1	-1	-1	-1	-1	-1	-1	-1	-1	-1	-1	-1	-1	-1	-1	1	1000	55000	1	-1	1000	1	1000	55000	1	-1	1000	1	1000	55000	1	-1	1000	1	1000	55000	1	-1	1000	-1	-1	-1	-1	-1	-1	-1	-1	-1	-1	-1	-1	-1	-1	-1	-1	-1	-1		
3912 4168	prexCH_beamline_eventcuts.3912-.map	1	35	1e6	1	1.4	-1	-1	-1	-1	-1	-1	-1	-1	-1	-1	-1	-1	-1	-1	-1	-1	-1	-1	-1	-1	-1	-1	-1	-1	-1	bcm_an_us	35	1e6	1.4	-1	1	1000	55000	1	-1	1000	1	1000	55000	1	-1	1000	1	1000	55000	1	-1	1000	1	1000	55000	1	-1	1000	1	-200	200	1	-1	0.2	1	-200	200	1	-1	0.2	-1	-1	-1	-1	-1	-1	1	1000	55000	1	-1	1000	1	1000	55000	1	-1	1000	1	1000	55000	1	-1	1000	1	1000	55000	1	-1	1000	1	-200	200	1	-1	0.2	1	-200	200	1	-1	0.2	-1	-1	-1	-1	-1	-1	1	1000	55000	1	-1	1000	1	1000	55000	1	-1	1000	1	1000	55000	1	-1	1000	1	1000	55000	1	-1	1000	-1	-1	-1	-1	-1	-1	-1	-1	-1	-1	-1	-1	-1	-1	-1	-1	-1	-1	1	1000	55000	1	-1	1000	1	1000	55000	1	-1	1000	1	1000	55000	1	-1	1000	1	1000	55000	1	-1	1000	-1	-1	-1	-1	-1	-1	-1	-1	-1	-1	-1	-1	-1	-1	-1	-1	-1	-1		
4169 4169	prexCH_beamline_eventcuts.4169.map	1	35	1e6	1	1.4	-1	-1	-1	-1	-1	-1	-1	-1	-1	-1	-1	-1	-1	-1	-1	-1	-1	-1	-1	-1	-1	-1	-1	-1	-1	bcm_an_us	35	1e6	1.4	-1	1	1000	55000	1	-1	1000	1	1000	55000	1	-1	1000	1	1000	55000	1	-1	1000	1	1000	55000	1	-1	1000	1	-200	200	1	-1	0.2	1	-200	200	1	-1	0.2	-1	-1	-1	-1	-1	-1	1	1000	55000	1	-1	1000	1	1000	55000	1	-1	1000	1	1000	55000	1	-1	1000	1	1000	55000	1	-1	1000	1	-200	0.5	1	-1	0.2	1	-200	200	1	-1	0.2	-1	-1	-1	-1	-1	-1	1	1000	55000	1	-1	1000	1	1000	55000	1	-1	1000	1	1000	55000	1	-1	1000	1	1000	55000	1	-1	1000	-1	-1	-1	-1	-1	-1	-1	-1	-1	-1	-1	-1	-1	-1	-1	-1	-1	-1	1	1000	55000	1	-1	1000	1	1000	55000	1	-1	1000	1	1000	55000	1	-1	1000	1	1000	55000	1	-1	1000	-1	-1	-1	-1	-1	-1	-1	-1	-1	-1	-1	-1	-1	-1	-1	-1	-1	-1		
4170 4223	prexCH_beamline_eventcuts.3912-.map	1	35	1e6	1	1.4	-1	-1	-1	-1	-1	-1	-1	-1	-1	-1	-1	-1	-1	-1	-1	-1	-1	-1	-1	-1	-1	-1	-1	-1	-1	bcm_an_us	35	1e6	1.4	-1	1	1000	55000	1	-1	1000	1	1000	55000	1	-1	1000	1	1000	55000	1	-1	1000	1	1000	55000	1	-1	1000	1	-200	200	1	-1	0.2	1	-200	200	1	-1	0.2	-1	-1	-1	-1	-1	-1	1	1000	55000	1	-1	1000	1	1000	55000	1	-1	1000	1	1000	55000	1	-1	1000	1	1000	55000	1	-1	1000	1	-200	200	1	-1	0.2	1	-200	200	1	-1	0.2	-1	-1	-1	-1	-1	-1	1	1000	55000	1	-1	1000	1	1000	55000	1	-1	1000	1	1000	55000	1	-1	1000	1	1000	55000	1	-1	1000	-1	-1	-1	-1	-1	-1	-1	-1	-1	-1	-1	-1	-1	-1	-1	-1	-1	-1	1	1000	55000	1	-1	1000	1	1000	55000	1	-1	1000	1	1000	55000	1	-1	1000	1	1000	55000	1	-1	1000	-1	-1	-1	-1	-1	-1	-1	-1	-1	-1	-1	-1	-1	-1	-1	-1	-1	-1		
4224 4224	prexCH_beamline_eventcuts.4224.map	1	35	1e6	1	1.4	-1	-1	-1	-1	-1	-1	-1	-1	-1	-1	-1	-1	-1	-1	-1	-1	-1	-1	-1	-1	-1	-1	-1	-1	-1	bcm_an_us	35	1e6	1.4	-1	1	1000	55000	1	-1	1000	1	1000	55000	1	-1	1000	1	1000	55000	1	-1	1000	1	1000	55000	1	-1	1000	1	-200	200	1	-1	0.2	1	-200	200	1	-1	0.2	-1	-1	-1	-1	-1	-1	1	1000	55000	1	-1	1000	1	1000	55000	1	-1	1000	1	1000	55000	1	-1	1000	1	1000	55000	1	-1	1000	1	-0.2	0.7	1	-1	0.2	1	-200	200	1	-1	0.2	-1	-1	-1	-1	-1	-1	1	1000	55000	1	-1	1000	1	1000	55000	1	-1	1000	1	1000	55000	1	-1	1000	1	1000	55000	1	-1	1000	-1	-1	-1	-1	-1	-1	-1	-1	-1	-1	-1	-1	-1	-1	-1	-1	-1	-1	1	1000	55000	1	-1	1000	1	1000	55000	1	-1	1000	1	1000	55000	1	-1	1000	1	1000	55000	1	-1	1000	-1	-1	-1	-1	-1	-1	-1	-1	-1	-1	-1	-1	-1	-1	-1	-1	-1	-1		
4225 4256	prexCH_beamline_eventcuts.3912-.map	1	35	1e6	1	1.4	-1	-1	-1	-1	-1	-1	-1	-1	-1	-1	-1	-1	-1	-1	-1	-1	-1	-1	-1	-1	-1	-1	-1	-1	-1	bcm_an_us	35	1e6	1.4	-1	1	1000	55000	1	-1	1000	1	1000	55000	1	-1	1000	1	1000	55000	1	-1	1000	1	1000	55000	1	-1	1000	1	-200	200	1	-1	0.2	1	-200	200	1	-1	0.2	-1	-1	-1	-1	-1	-1	1	1000	55000	1	-1	1000	1	1000	55000	1	-1	1000	1	1000	55000	1	-1	1000	1	1000	55000	1	-1	1000	1	-200	200	1	-1	0.2	1	-200	200	1	-1	0.2	-1	-1	-1	-1	-1	-1	1	1000	55000	1	-1	1000	1	1000	55000	1	-1	1000	1	1000	55000	1	-1	1000	1	1000	55000	1	-1	1000	-1	-1	-1	-1	-1	-1	-1	-1	-1	-1	-1	-1	-1	-1	-1	-1	-1	-1	1	1000	55000	1	-1	1000	1	1000	55000	1	-1	1000	1	1000	55000	1	-1	1000	1	1000	55000	1	-1	1000	-1	-1	-1	-1	-1	-1	-1	-1	-1	-1	-1	-1	-1	-1	-1	-1	-1	-1		
4257 4395	prexCH_beamline_eventcuts.4257-.map	1	5	1e6	0	-1	-1	-1	-1	-1	-1	-1	-1	-1	-1	-1	-1	-1	-1	-1	-1	-1	-1	-1	-1	1	35	1e6	1	1.4	-1	bcm_dg_ds	35	1e6	1.4	-1	1	1000	55000	1	-1	1000	1	1000	55000	1	-1	1000	1	1000	55000	1	-1	1000	1	1000	55000	1	-1	1000	1	-200	200	1	-1	0.2	1	-200	200	1	-1	0.2	-1	-1	-1	-1	-1	-1	1	1000	55000	1	-1	1000	1	1000	55000	1	-1	1000	1	1000	55000	1	-1	1000	1	1000	55000	1	-1	1000	1	-200	200	1	-1	0.2	1	-200	200	1	-1	0.2	-1	-1	-1	-1	-1	-1	1	1000	55000	1	-1	1000	1	1000	55000	1	-1	1000	1	1000	55000	1	-1	1000	1	1000	55000	1	-1	1000	-1	-1	-1	-1	-1	-1	-1	-1	-1	-1	-1	-1	-1	-1	-1	-1	-1	-1	1	1000	55000	1	-1	1000	1	1000	55000	1	-1	1000	1	1000	55000	1	-1	1000	1	1000	55000	1	-1	1000	-1	-1	-1	-1	-1	-1	-1	-1	-1	-1	-1	-1	-1	-1	-1	-1	-1	-1		
4396 4396	prexCH_beamline_eventcuts.4396.map	1	5	1e6	0	-1	-1	-1	-1	-1	-1	-1	-1	-1	-1	-1	-1	-1	-1	-1	-1	-1	-1	-1	-1	1	60	1e6	1	1.4	-1	bcm_dg_ds	60	1e6	1.4	-1	1	1000	55000	1	-1	1000	1	1000	55000	1	-1	1000	1	1000	55000	1	-1	1000	1	1000	55000	1	-1	1000	1	-200	200	1	-1	0.2	1	-200	200	1	-1	0.2	-1	-1	-1	-1	-1	-1	1	1000	55000	1	-1	1000	1	1000	55000	1	-1	1000	1	1000	55000	1	-1	1000	1	1000	55000	1	-1	1000	1	-200	200	1	-1	0.2	1	-200	200	1	-1	0.2	-1	-1	-1	-1	-1	-1	1	1000	55000	1	-1	1000	1	1000	55000	1	-1	1000	1	1000	55000	1	-1	1000	1	1000	55000	1	-1	1000	-1	-1	-1	-1	-1	-1	-1	-1	-1	-1	-1	-1	-1	-1	-1	-1	-1	-1	1	1000	55000	1	-1	1000	1	1000	55000	1	-1	1000	1	1000	55000	1	-1	1000	1	1000	55000	1	-1	1000	-1	-1	-1	-1	-1	-1	-1	-1	-1	-1	-1	-1	-1	-1	-1	-1	-1	-1		
4397 4438	prexCH_beamline_eventcuts.4257-.map	1	5	1e6	0	-1	-1	-1	-1	-1	-1	-1	-1	-1	-1	-1	-1	-1	-1	-1	-1	-1	-1	-1	-1	1	35	1e6	1	1.4	-1	bcm_dg_ds	35	1e6	1.4	-1	1	1000	55000	1	-1	1000	1	1000	55000	1	-1	1000	1	1000	55000	1	-1	1000	1	1000	55000	1	-1	1000	1	-200	200	1	-1	0.2	1	-200	200	1	-1	0.2	-1	-1	-1	-1	-1	-1	1	1000	55000	1	-1	1000	1	1000	55000	1	-1	1000	1	1000	55000	1	-1	1000	1	1000	55000	1	-1	1000	1	-200	200	1	-1	0.2	1	-200	200	1	-1	0.2	-1	-1	-1	-1	-1	-1	1	1000	55000	1	-1	1000	1	1000	55000	1	-1	1000	1	1000	55000	1	-1	1000	1	1000	55000	1	-1	1000	-1	-1	-1	-1	-1	-1	-1	-1	-1	-1	-1	-1	-1	-1	-1	-1	-1	-1	1	1000	55000	1	-1	1000	1	1000	55000	1	-1	1000	1	1000	55000	1	-1	1000	1	1000	55000	1	-1	1000	-1	-1	-1	-1	-1	-1	-1	-1	-1	-1	-1	-1	-1	-1	-1	-1	-1	-1		
4439 4471	prexCH_beamline_eventcuts.4439-.map	1	5	1e6	0	-1	-1	-1	-1	-1	-1	-1	-1	-1	-1	-1	-1	-1	-1	-1	-1	-1	-1	-1	-1	1	35	1e6	1	1.4	-1	bcm_dg_ds	35	1e6	1.4	-1	1	1000	55000	1	-1	1000	1	1000	55000	1	-1	1000	1	1000	55000	1	-1	1000	1	1000	55000	1	-1	1000	1	-200	200	1	-1	0.35	1	-200	200	1	-1	0.35	-1	-1	-1	-1	-1	-1	1	1000	55000	1	-1	1000	1	1000	55000	1	-1	1000	1	1000	55000	1	-1	1000	1	1000	55000	1	-1	1000	1	-200	200	1	-1	0.35	1	-200	200	1	-1	0.35	-1	-1	-1	-1	-1	-1	1	1000	55000	1	-1	1000	1	1000	55000	1	-1	1000	1	1000	55000	1	-1	1000	1	1000	55000	1	-1	1000	-1	-1	-1	-1	-1	-1	-1	-1	-1	-1	-1	-1	-1	-1	-1	-1	-1	-1	1	1000	55000	1	-1	1000	1	1000	55000	1	-1	1000	1	1000	55000	1	-1	1000	1	1000	55000	1	-1	1000	-1	-1	-1	-1	-1	-1	-1	-1	-1	-1	-1	-1	-1	-1	-1	-1	-1	-1		
4472 4472	prexCH_beamline_eventcuts.4472.map	1	5	1e6	0	-1	-1	-1	-1	-1	-1	-1	-1	-1	-1	-1	-1	-1	-1	-1	-1	-1	-1	-1	-1	1	35	1e6	1	1.4	-1	bcm_dg_ds	35	1e6	1.4	-1	1	1000	55000	1	-1	1000	1	1000	55000	1	-1	1000	1	1000	55000	1	-1	1000	1	1000	55000	1	-1	1000	1	-200	200	1	-1	0.2	1	-200	200	1	-1	0.2	-1	-1	-1	-1	-1	-1	1	1000	55000	1	-1	1000	1	1000	55000	1	-1	1000	1	1000	55000	1	-1	1000	1	1000	55000	1	-1	1000	1	-200	200	1	-1	0.2	1	-200	200	1	-1	0.2	-1	-1	-1	-1	-1	-1	1	1000	55000	1	-1	1000	1	1000	55000	1	-1	1000	1	1000	55000	1	-1	1000	1	1000	55000	1	-1	1000	-1	-1	-1	-1	-1	-1	-1	-1	-1	-1	-1	-1	-1	-1	-1	-1	-1	-1	1	1000	55000	1	-1	1000	1	1000	55000	1	-1	1000	1	1000	55000	1	-1	1000	1	1000	55000	1	-1	1000	-1	-1	-1	-1	-1	-1	-1	-1	-1	-1	-1	-1	-1	-1	-1	-1	-1	-1		
4473 4480	prexCH_beamline_eventcuts.4439-.map	1	5	1e6	0	-1	-1	-1	-1	-1	-1	-1	-1	-1	-1	-1	-1	-1	-1	-1	-1	-1	-1	-1	-1	1	35	1e6	1	1.4	-1	bcm_dg_ds	35	1e6	1.4	-1	1	1000	55000	1	-1	1000	1	1000	55000	1	-1	1000	1	1000	55000	1	-1	1000	1	1000	55000	1	-1	1000	1	-200	200	1	-1	0.35	1	-200	200	1	-1	0.35	-1	-1	-1	-1	-1	-1	1	1000	55000	1	-1	1000	1	1000	55000	1	-1	1000	1	1000	55000	1	-1	1000	1	1000	55000	1	-1	1000	1	-200	200	1	-1	0.35	1	-200	200	1	-1	0.35	-1	-1	-1	-1	-1	-1	1	1000	55000	1	-1	1000	1	1000	55000	1	-1	1000	1	1000	55000	1	-1	1000	1	1000	55000	1	-1	1000	-1	-1	-1	-1	-1	-1	-1	-1	-1	-1	-1	-1	-1	-1	-1	-1	-1	-1	1	1000	55000	1	-1	1000	1	1000	55000	1	-1	1000	1	1000	55000	1	-1	1000	1	1000	55000	1	-1	1000	-1	-1	-1	-1	-1	-1	-1	-1	-1	-1	-1	-1	-1	-1	-1	-1	-1	-1		
4481 4481	prexCH_beamline_eventcuts.4481.map	1	5	1e6	0	-1	-1	-1	-1	-1	-1	-1	-1	-1	-1	-1	-1	-1	-1	-1	-1	-1	-1	-1	-1	1	35	1e6	1	1.4	-1	bcm_dg_ds	35	1e6	1.4	-1	1	1000	55000	1	-1	1000	1	1000	55000	1	-1	1000	1	1000	55000	1	-1	1000	1	1000	55000	1	-1	1000	1	-200	200	1	-1	0.35	1	-200	200	1	-1	0.35	-1	-1	-1	-1	-1	-1	1	1000	55000	1	-1	1000	1	1000	55000	1	-1	1000	1	1000	55000	1	-1	1000	1	1000	55000	1	-1	1000	1	-200	200	1	-1	0.35	1	-200	200	1	-1	0.35	-1	-1	-1	-1	-1	-1	1	1000	55000	1	-1	1000	1	1000	55000	1	-1	1000	1	1000	55000	1	-1	1000	1	1000	55000	1	-1	1000	-1	-1	-1	-1	-1	-1	-1	-1	-1	-1	-1	-1	-1	-1	-1	-1	-1	-1	1	1000	55000	1	-1	1000	1	1000	55000	1	-1	1000	1	1000	55000	1	-1	1000	1	1000	55000	1	-1	1000	-1	-1	-1	-1	-1	-1	-1	-1	-1	-1	-1	-1	-1	-1	-1	-1	-1	-1		
4482 4482	prexCH_beamline_eventcuts.4481-4482.map	1	5	1e6	0	-1	-1	-1	-1	-1	-1	-1	-1	-1	-1	-1	-1	-1	-1	-1	-1	-1	-1	-1	-1	1	35	1e6	1	1.4	-1	bcm_dg_ds	35	1e6	1.4	-1	1	1000	55000	1	-1	1000	1	1000	55000	1	-1	1000	1	1000	55000	1	-1	1000	1	1000	55000	1	-1	1000	1	-200	200	1	0.35	0.2	1	-200	200	1	0.35	0.2	-1	-1	-1	-1	-1	-1	1	1000	55000	1	-1	1000	1	1000	55000	1	-1	1000	1	1000	55000	1	-1	1000	1	1000	55000	1	-1	1000	1	-200	200	1	0.35	0.2	1	-200	200	1	0.35	0.2	-1	-1	-1	-1	-1	-1	1	1000	55000	1	-1	1000	1	1000	55000	1	-1	1000	1	1000	55000	1	-1	1000	1	1000	55000	1	-1	1000	-1	-1	-1	-1	-1	-1	-1	-1	-1	-1	-1	-1	-1	-1	-1	-1	-1	-1	1	1000	55000	1	-1	1000	1	1000	55000	1	-1	1000	1	1000	55000	1	-1	1000	1	1000	55000	1	-1	1000	-1	-1	-1	-1	-1	-1	-1	-1	-1	-1	-1	-1	-1	-1	-1	-1	-1	-1		
4483 4490	prexCH_beamline_eventcuts.4439-.map	1	5	1e6	0	-1	-1	-1	-1	-1	-1	-1	-1	-1	-1	-1	-1	-1	-1	-1	-1	-1	-1	-1	-1	1	35	1e6	1	1.4	-1	bcm_dg_ds	35	1e6	1.4	-1	1	1000	55000	1	-1	1000	1	1000	55000	1	-1	1000	1	1000	55000	1	-1	1000	1	1000	55000	1	-1	1000	1	-200	200	1	-1	0.35	1	-200	200	1	-1	0.35	-1	-1	-1	-1	-1	-1	1	1000	55000	1	-1	1000	1	1000	55000	1	-1	1000	1	1000	55000	1	-1	1000	1	1000	55000	1	-1	1000	1	-200	200	1	-1	0.35	1	-200	200	1	-1	0.35	-1	-1	-1	-1	-1	-1	1	1000	55000	1	-1	1000	1	1000	55000	1	-1	1000	1	1000	55000	1	-1	1000	1	1000	55000	1	-1	1000	-1	-1	-1	-1	-1	-1	-1	-1	-1	-1	-1	-1	-1	-1	-1	-1	-1	-1	1	1000	55000	1	-1	1000	1	1000	55000	1	-1	1000	1	1000	55000	1	-1	1000	1	1000	55000	1	-1	1000	-1	-1	-1	-1	-1	-1	-1	-1	-1	-1	-1	-1	-1	-1	-1	-1	-1	-1		
4491 4491	prexCH_beamline_eventcuts.4491.map	1	5	1e6	0	-1	-1	-1	-1	-1	-1	-1	-1	-1	-1	-1	-1	-1	-1	-1	-1	-1	-1	-1	-1	1	35	1e6	1	1.4	-1	bcm_dg_ds	35	1e6	1.4	-1	1	1000	55000	1	-1	1000	1	1000	55000	1	-1	1000	1	1000	55000	1	-1	1000	1	1000	55000	1	-1	1000	1	-200	200	1	0.3	0.3	1	-200	200	1	0.3	0.3	-1	-1	-1	-1	-1	-1	1	1000	55000	1	-1	1000	1	1000	55000	1	-1	1000	1	1000	55000	1	-1	1000	1	1000	55000	1	-1	1000	1	-200	200	1	0.3	0.3	1	-200	200	1	0.3	0.3	-1	-1	-1	-1	-1	-1	1	1000	55000	1	-1	1000	1	1000	55000	1	-1	1000	1	1000	55000	1	-1	1000	1	1000	55000	1	-1	1000	-1	-1	-1	-1	-1	-1	-1	-1	-1	-1	-1	-1	-1	-1	-1	-1	-1	-1	1	1000	55000	1	-1	1000	1	1000	55000	1	-1	1000	1	1000	55000	1	-1	1000	1	1000	55000	1	-1	1000	-1	-1	-1	-1	-1	-1	-1	-1	-1	-1	-1	-1	-1	-1	-1	-1	-1	-1		
4492 4497	prexCH_beamline_eventcuts.4439-.map	1	5	1e6	0	-1	-1	-1	-1	-1	-1	-1	-1	-1	-1	-1	-1	-1	-1	-1	-1	-1	-1	-1	-1	1	35	1e6	1	1.4	-1	bcm_dg_ds	35	1e6	1.4	-1	1	1000	55000	1	-1	1000	1	1000	55000	1	-1	1000	1	1000	55000	1	-1	1000	1	1000	55000	1	-1	1000	1	-200	200	1	-1	0.35	1	-200	200	1	-1	0.35	-1	-1	-1	-1	-1	-1	1	1000	55000	1	-1	1000	1	1000	55000	1	-1	1000	1	1000	55000	1	-1	1000	1	1000	55000	1	-1	1000	1	-200	200	1	-1	0.35	1	-200	200	1	-1	0.35	-1	-1	-1	-1	-1	-1	1	1000	55000	1	-1	1000	1	1000	55000	1	-1	1000	1	1000	55000	1	-1	1000	1	1000	55000	1	-1	1000	-1	-1	-1	-1	-1	-1	-1	-1	-1	-1	-1	-1	-1	-1	-1	-1	-1	-1	1	1000	55000	1	-1	1000	1	1000	55000	1	-1	1000	1	1000	55000	1	-1	1000	1	1000	55000	1	-1	1000	-1	-1	-1	-1	-1	-1	-1	-1	-1	-1	-1	-1	-1	-1	-1	-1	-1	-1		
4498 4498	prexCH_beamline_eventcuts.4498.map	1	5	1e6	0	-1	-1	-1	-1	-1	-1	-1	-1	-1	-1	-1	-1	-1	-1	-1	-1	-1	-1	-1	-1	1	35	1e6	1	1.4	-1	bcm_dg_ds	35	1e6	1.4	-1	1	1000	55000	1	-1	1000	1	1000	55000	1	-1	1000	1	1000	55000	1	-1	1000	1	1000	55000	1	-1	1000	1	-200	200	1	0.5	0.35	1	-200	200	1	0.5	0.35	-1	-1	-1	-1	-1	-1	1	1000	55000	1	-1	1000	1	1000	55000	1	-1	1000	1	1000	55000	1	-1	1000	1	1000	55000	1	-1	1000	1	-0.2	0.8	1	0.5	0.35	1	-200	200	1	0.5	0.35	-1	-1	-1	-1	-1	-1	1	1000	55000	1	-1	1000	1	1000	55000	1	-1	1000	1	1000	55000	1	-1	1000	1	1000	55000	1	-1	1000	-1	-1	-1	-1	-1	-1	-1	-1	-1	-1	-1	-1	-1	-1	-1	-1	-1	-1	1	1000	55000	1	-1	1000	1	1000	55000	1	-1	1000	1	1000	55000	1	-1	1000	1	1000	55000	1	-1	1000	-1	-1	-1	-1	-1	-1	-1	-1	-1	-1	-1	-1	-1	-1	-1	-1	-1	-1		
4499 4502	prexCH_beamline_eventcuts.4439-.map	1	5	1e6	0	-1	-1	-1	-1	-1	-1	-1	-1	-1	-1	-1	-1	-1	-1	-1	-1	-1	-1	-1	-1	1	35	1e6	1	1.4	-1	bcm_dg_ds	35	1e6	1.4	-1	1	1000	55000	1	-1	1000	1	1000	55000	1	-1	1000	1	1000	55000	1	-1	1000	1	1000	55000	1	-1	1000	1	-200	200	1	-1	0.35	1	-200	200	1	-1	0.35	-1	-1	-1	-1	-1	-1	1	1000	55000	1	-1	1000	1	1000	55000	1	-1	1000	1	1000	55000	1	-1	1000	1	1000	55000	1	-1	1000	1	-200	200	1	-1	0.35	1	-200	200	1	-1	0.35	-1	-1	-1	-1	-1	-1	1	1000	55000	1	-1	1000	1	1000	55000	1	-1	1000	1	1000	55000	1	-1	1000	1	1000	55000	1	-1	1000	-1	-1	-1	-1	-1	-1	-1	-1	-1	-1	-1	-1	-1	-1	-1	-1	-1	-1	1	1000	55000	1	-1	1000	1	1000	55000	1	-1	1000	1	1000	55000	1	-1	1000	1	1000	55000	1	-1	1000	-1	-1	-1	-1	-1	-1	-1	-1	-1	-1	-1	-1	-1	-1	-1	-1	-1	-1		
4503 4503	prexCH_beamline_eventcuts.4503.map	1	5	1e6	0	-1	-1	-1	-1	-1	-1	-1	-1	-1	-1	-1	-1	-1	-1	-1	-1	-1	-1	-1	-1	1	35	1e6	1	1.4	-1	bcm_dg_ds	35	1e6	1.4	-1	1	1000	55000	1	-1	1000	1	1000	55000	1	-1	1000	1	1000	55000	1	-1	1000	1	1000	55000	1	-1	1000	1	-200	200	1	0.3	0.2	1	-200	200	1	0.3	0.2	-1	-1	-1	-1	-1	-1	1	1000	55000	1	-1	1000	1	1000	55000	1	-1	1000	1	1000	55000	1	-1	1000	1	1000	55000	1	-1	1000	1	-200	200	1	0.3	0.2	1	-200	200	1	0.3	0.2	-1	-1	-1	-1	-1	-1	1	1000	55000	1	-1	1000	1	1000	55000	1	-1	1000	1	1000	55000	1	-1	1000	1	1000	55000	1	-1	1000	-1	-1	-1	-1	-1	-1	-1	-1	-1	-1	-1	-1	-1	-1	-1	-1	-1	-1	1	1000	55000	1	-1	1000	1	1000	55000	1	-1	1000	1	1000	55000	1	-1	1000	1	1000	55000	1	-1	1000	-1	-1	-1	-1	-1	-1	-1	-1	-1	-1	-1	-1	-1	-1	-1	-1	-1	-1		
4504 4511	prexCH_beamline_eventcuts.4439-.map	1	5	1e6	0	-1	-1	-1	-1	-1	-1	-1	-1	-1	-1	-1	-1	-1	-1	-1	-1	-1	-1	-1	-1	1	35	1e6	1	1.4	-1	bcm_dg_ds	35	1e6	1.4	-1	1	1000	55000	1	-1	1000	1	1000	55000	1	-1	1000	1	1000	55000	1	-1	1000	1	1000	55000	1	-1	1000	1	-200	200	1	-1	0.35	1	-200	200	1	-1	0.35	-1	-1	-1	-1	-1	-1	1	1000	55000	1	-1	1000	1	1000	55000	1	-1	1000	1	1000	55000	1	-1	1000	1	1000	55000	1	-1	1000	1	-200	200	1	-1	0.35	1	-200	200	1	-1	0.35	-1	-1	-1	-1	-1	-1	1	1000	55000	1	-1	1000	1	1000	55000	1	-1	1000	1	1000	55000	1	-1	1000	1	1000	55000	1	-1	1000	-1	-1	-1	-1	-1	-1	-1	-1	-1	-1	-1	-1	-1	-1	-1	-1	-1	-1	1	1000	55000	1	-1	1000	1	1000	55000	1	-1	1000	1	1000	55000	1	-1	1000	1	1000	55000	1	-1	1000	-1	-1	-1	-1	-1	-1	-1	-1	-1	-1	-1	-1	-1	-1	-1	-1	-1	-1		
4512 4512	prexCH_beamline_eventcuts.4512.map	1	5	1e6	0	-1	-1	-1	-1	-1	-1	-1	-1	-1	-1	-1	-1	-1	-1	-1	-1	-1	-1	-1	-1	1	35	1e6	1	1.4	-1	bcm_dg_ds	35	1e6	1.4	-1	1	1000	55000	1	-1	1000	1	1000	55000	1	-1	1000	1	1000	55000	1	-1	1000	1	1000	55000	1	-1	1000	1	-200	200	1	0.35	0.35	1	-200	200	1	0.35	0.35	-1	-1	-1	-1	-1	-1	1	1000	55000	1	-1	1000	1	1000	55000	1	-1	1000	1	1000	55000	1	-1	1000	1	1000	55000	1	-1	1000	1	-200	200	1	0.35	0.35	1	-200	200	1	0.35	0.35	-1	-1	-1	-1	-1	-1	1	1000	55000	1	-1	1000	1	1000	55000	1	-1	1000	1	1000	55000	1	-1	1000	1	1000	55000	1	-1	1000	-1	-1	-1	-1	-1	-1	-1	-1	-1	-1	-1	-1	-1	-1	-1	-1	-1	-1	1	1000	55000	1	-1	1000	1	1000	55000	1	-1	1000	1	1000	55000	1	-1	1000	1	1000	55000	1	-1	1000	-1	-1	-1	-1	-1	-1	-1	-1	-1	-1	-1	-1	-1	-1	-1	-1	-1	-1		
4513 4513	prexCH_beamline_eventcuts.4439-.map	1	5	1e6	0	-1	-1	-1	-1	-1	-1	-1	-1	-1	-1	-1	-1	-1	-1	-1	-1	-1	-1	-1	-1	1	35	1e6	1	1.4	-1	bcm_dg_ds	35	1e6	1.4	-1	1	1000	55000	1	-1	1000	1	1000	55000	1	-1	1000	1	1000	55000	1	-1	1000	1	1000	55000	1	-1	1000	1	-200	200	1	-1	0.35	1	-200	200	1	-1	0.35	-1	-1	-1	-1	-1	-1	1	1000	55000	1	-1	1000	1	1000	55000	1	-1	1000	1	1000	55000	1	-1	1000	1	1000	55000	1	-1	1000	1	-200	200	1	-1	0.35	1	-200	200	1	-1	0.35	-1	-1	-1	-1	-1	-1	1	1000	55000	1	-1	1000	1	1000	55000	1	-1	1000	1	1000	55000	1	-1	1000	1	1000	55000	1	-1	1000	-1	-1	-1	-1	-1	-1	-1	-1	-1	-1	-1	-1	-1	-1	-1	-1	-1	-1	1	1000	55000	1	-1	1000	1	1000	55000	1	-1	1000	1	1000	55000	1	-1	1000	1	1000	55000	1	-1	1000	-1	-1	-1	-1	-1	-1	-1	-1	-1	-1	-1	-1	-1	-1	-1	-1	-1	-1		
4514 4514	prexCH_beamline_eventcuts.4514.map	1	5	1e6	0	-1	-1	-1	-1	-1	-1	-1	-1	-1	-1	-1	-1	-1	-1	-1	-1	-1	-1	-1	-1	1	35	1e6	1	1.4	-1	bcm_dg_ds	35	1e6	1.4	-1	1	1000	55000	1	-1	1000	1	1000	55000	1	-1	1000	1	1000	55000	1	-1	1000	1	1000	55000	1	-1	1000	1	-200	200	1	0.35	0.35	1	-200	200	1	0.35	0.35	-1	-1	-1	-1	-1	-1	1	1000	55000	1	-1	1000	1	1000	55000	1	-1	1000	1	1000	55000	1	-1	1000	1	1000	55000	1	-1	1000	1	-200	200	1	0.35	0.35	1	-200	200	1	0.35	0.35	-1	-1	-1	-1	-1	-1	1	1000	55000	1	-1	1000	1	1000	55000	1	-1	1000	1	1000	55000	1	-1	1000	1	1000	55000	1	-1	1000	-1	-1	-1	-1	-1	-1	-1	-1	-1	-1	-1	-1	-1	-1	-1	-1	-1	-1	1	1000	55000	1	-1	1000	1	1000	55000	1	-1	1000	1	1000	55000	1	-1	1000	1	1000	55000	1	-1	1000	-1	-1	-1	-1	-1	-1	-1	-1	-1	-1	-1	-1	-1	-1	-1	-1	-1	-1		
4515 4528	prexCH_beamline_eventcuts.4439-.map	1	5	1e6	0	-1	-1	-1	-1	-1	-1	-1	-1	-1	-1	-1	-1	-1	-1	-1	-1	-1	-1	-1	-1	1	35	1e6	1	1.4	-1	bcm_dg_ds	35	1e6	1.4	-1	1	1000	55000	1	-1	1000	1	1000	55000	1	-1	1000	1	1000	55000	1	-1	1000	1	1000	55000	1	-1	1000	1	-200	200	1	-1	0.35	1	-200	200	1	-1	0.35	-1	-1	-1	-1	-1	-1	1	1000	55000	1	-1	1000	1	1000	55000	1	-1	1000	1	1000	55000	1	-1	1000	1	1000	55000	1	-1	1000	1	-200	200	1	-1	0.35	1	-200	200	1	-1	0.35	-1	-1	-1	-1	-1	-1	1	1000	55000	1	-1	1000	1	1000	55000	1	-1	1000	1	1000	55000	1	-1	1000	1	1000	55000	1	-1	1000	-1	-1	-1	-1	-1	-1	-1	-1	-1	-1	-1	-1	-1	-1	-1	-1	-1	-1	1	1000	55000	1	-1	1000	1	1000	55000	1	-1	1000	1	1000	55000	1	-1	1000	1	1000	55000	1	-1	1000	-1	-1	-1	-1	-1	-1	-1	-1	-1	-1	-1	-1	-1	-1	-1	-1	-1	-1		
4529 4531	prexCH_beamline_eventcuts.4529-.map	1	5	1e6	0	-1	-1	-1	-1	-1	-1	-1	-1	-1	-1	-1	-1	-1	-1	-1	-1	-1	-1	-1	-1	1	35	1e6	1	1.4	-1	bcm_dg_ds	35	1e6	1.4	-1	1	1000	55000	1	-1	1000	1	1000	55000	1	-1	1000	1	1000	55000	1	-1	1000	1	1000	55000	1	-1	1000	1	-200	200	1	0.35	0.35	1	-200	200	1	0.35	0.35	-1	-1	-1	-1	-1	-1	1	1000	55000	1	-1	1000	1	1000	55000	1	-1	1000	1	1000	55000	1	-1	1000	1	1000	55000	1	-1	1000	1	-200	200	1	0.35	0.35	1	-200	200	1	0.35	0.35	-1	-1	-1	-1	-1	-1	1	1000	55000	1	-1	1000	1	1000	55000	1	-1	1000	1	1000	55000	1	-1	1000	1	1000	55000	1	-1	1000	-1	-1	-1	-1	-1	-1	-1	-1	-1	-1	-1	-1	-1	-1	-1	-1	-1	-1	1	1000	55000	1	-1	1000	1	1000	55000	1	-1	1000	1	1000	55000	1	-1	1000	1	1000	55000	1	-1	1000	-1	-1	-1	-1	-1	-1	-1	-1	-1	-1	-1	-1	-1	-1	-1	-1	-1	-1		
4532 4532	prexCH_beamline_eventcuts.4532.map	1	5	1e6	0	-1	-1	-1	-1	-1	-1	-1	-1	-1	-1	-1	-1	-1	-1	-1	-1	-1	-1	-1	-1	1	35	1e6	1	1.4	-1	bcm_dg_ds	35	1e6	1.4	-1	1	1000	55000	1	-1	1000	1	1000	55000	1	-1	1000	1	1000	55000	1	-1	1000	1	1000	55000	1	-1	1000	1	-200	200	1	0.25	0.35	1	-200	200	1	0.25	0.35	-1	-1	-1	-1	-1	-1	1	1000	55000	1	-1	1000	1	1000	55000	1	-1	1000	1	1000	55000	1	-1	1000	1	1000	55000	1	-1	1000	1	-200	200	1	0.25	0.35	1	-200	200	1	0.25	0.35	-1	-1	-1	-1	-1	-1	1	1000	55000	1	-1	1000	1	1000	55000	1	-1	1000	1	1000	55000	1	-1	1000	1	1000	55000	1	-1	1000	-1	-1	-1	-1	-1	-1	-1	-1	-1	-1	-1	-1	-1	-1	-1	-1	-1	-1	1	1000	55000	1	-1	1000	1	1000	55000	1	-1	1000	1	1000	55000	1	-1	1000	1	1000	55000	1	-1	1000	-1	-1	-1	-1	-1	-1	-1	-1	-1	-1	-1	-1	-1	-1	-1	-1	-1	-1		
4533 4939	prexCH_beamline_eventcuts.4529-.map	1	5	1e6	0	-1	-1	-1	-1	-1	-1	-1	-1	-1	-1	-1	-1	-1	-1	-1	-1	-1	-1	-1	-1	1	35	1e6	1	1.4	-1	bcm_dg_ds	35	1e6	1.4	-1	1	1000	55000	1	-1	1000	1	1000	55000	1	-1	1000	1	1000	55000	1	-1	1000	1	1000	55000	1	-1	1000	1	-200	200	1	0.35	0.35	1	-200	200	1	0.35	0.35	-1	-1	-1	-1	-1	-1	1	1000	55000	1	-1	1000	1	1000	55000	1	-1	1000	1	1000	55000	1	-1	1000	1	1000	55000	1	-1	1000	1	-200	200	1	0.35	0.35	1	-200	200	1	0.35	0.35	-1	-1	-1	-1	-1	-1	1	1000	55000	1	-1	1000	1	1000	55000	1	-1	1000	1	1000	55000	1	-1	1000	1	1000	55000	1	-1	1000	-1	-1	-1	-1	-1	-1	-1	-1	-1	-1	-1	-1	-1	-1	-1	-1	-1	-1	1	1000	55000	1	-1	1000	1	1000	55000	1	-1	1000	1	1000	55000	1	-1	1000	1	1000	55000	1	-1	1000	-1	-1	-1	-1	-1	-1	-1	-1	-1	-1	-1	-1	-1	-1	-1	-1	-1	-1		
4940 4970	prexCH_beamline_eventcuts.4940-4970.map	1	1	1e6	0	-1	-1	-1	-1	-1	-1	-1	-1	-1	-1	-1	-1	-1	-1	-1	-1	-1	-1	-1	-1	1	1	1e6	1	-1	-1	bcm_dg_ds	1	1e6	-1	-1	1	1000	55000	1	-1	1000	1	1000	55000	1	-1	1000	1	1000	55000	1	-1	1000	1	1000	55000	1	-1	1000	1	-200	200	1	0.35	0.35	1	-200	200	1	0.35	0.35	-1	-1	-1	-1	-1	-1	1	1000	55000	1	-1	1000	1	1000	55000	1	-1	1000	1	1000	55000	1	-1	1000	1	1000	55000	1	-1	1000	1	-200	200	1	0.35	0.35	1	-200	200	1	0.35	0.35	-1	-1	-1	-1	-1	-1	1	1000	55000	1	-1	1000	1	1000	55000	1	-1	1000	1	1000	55000	1	-1	1000	1	1000	55000	1	-1	1000	-1	-1	-1	-1	-1	-1	-1	-1	-1	-1	-1	-1	-1	-1	-1	-1	-1	-1	1	1000	55000	1	-1	1000	1	1000	55000	1	-1	1000	1	1000	55000	1	-1	1000	1	1000	55000	1	-1	1000	-1	-1	-1	-1	-1	-1	-1	-1	-1	-1	-1	-1	-1	-1	-1	-1	-1	-1		
4971 4980	prexCH_beamline_eventcuts.4529-.map	1	5	1e6	0	-1	-1	-1	-1	-1	-1	-1	-1	-1	-1	-1	-1	-1	-1	-1	-1	-1	-1	-1	-1	1	35	1e6	1	1.4	-1	bcm_dg_ds	35	1e6	1.4	-1	1	1000	55000	1	-1	1000	1	1000	55000	1	-1	1000	1	1000	55000	1	-1	1000	1	1000	55000	1	-1	1000	1	-200	200	1	0.35	0.35	1	-200	200	1	0.35	0.35	-1	-1	-1	-1	-1	-1	1	1000	55000	1	-1	1000	1	1000	55000	1	-1	1000	1	1000	55000	1	-1	1000	1	1000	55000	1	-1	1000	1	-200	200	1	0.35	0.35	1	-200	200	1	0.35	0.35	-1	-1	-1	-1	-1	-1	1	1000	55000	1	-1	1000	1	1000	55000	1	-1	1000	1	1000	55000	1	-1	1000	1	1000	55000	1	-1	1000	-1	-1	-1	-1	-1	-1	-1	-1	-1	-1	-1	-1	-1	-1	-1	-1	-1	-1	1	1000	55000	1	-1	1000	1	1000	55000	1	-1	1000	1	1000	55000	1	-1	1000	1	1000	55000	1	-1	1000	-1	-1	-1	-1	-1	-1	-1	-1	-1	-1	-1	-1	-1	-1	-1	-1	-1	-1		
